PROMO_SPAQDGRJSE4B7,Utilisé
PROMO_SPASSJQHJGEC3,Utilisé
PROMO_SPAWPJO7ABYXW,Utilisé
PROMO_SPAN7C8HUCXVO,Libre
PROMO_SPABROMXLO9UZ,Utilisé
PROMO_SPAUYVCBB1N0G,Utilisé
PROMO_SPAZ8RL45EY9U,Utilisé
PROMO_SPA4QTZSJLTL4,Libre
PROMO_SPA1K352VINL2,Utilisé
PROMO_SPAE82849LA1C,Libre
PROMO_SPA5U1PDITV9J,Utilisé
PROMO_SPAQ5238493QT,Libre
PROMO_SPA9CS1HAG4W4,Libre
PROMO_SPAVQJHZKV2JM,Libre
PROMO_SPA5B79WAU4S8,Libre
PROMO_SPA3HK1AQQE8K,Libre
PROMO_SPA4FFIDMXQZD,Libre
PROMO_SPARZJLBMSJSM,Libre
PROMO_SPACSKQZYYVCZ,Libre
PROMO_SPAJWT1L3ABTJ,Libre
PROMO_SPAMABJ4VFHXE,Libre
PROMO_SPAWX1CG63P22,Libre
PROMO_SPAWKOCZLCVI4,Libre
PROMO_SPA75K4Q0I3JW,Libre
PROMO_SPAQ74RM0HNQ1,Libre
PROMO_SPAAHBD6I5YL2,Libre
PROMO_SPAAGDY6JG8YI,Libre
PROMO_SPA21LQ0X63TR,Libre
PROMO_SPA1PXT9H4LXL,Libre
PROMO_SPARDU3T8XOPG,Libre
PROMO_SPAOY4NPX38,Libre
PROMO_SPAQJT9BU7A,Libre
PROMO_SPA8SHKBYYD,Libre
PROMO_SPAU9Z4T9DJ,Libre
PROMO_SPAFZSE9ATI,Libre
PROMO_SPANQTS9J,Libre
PROMO_SPAC0CL7V,Libre
PROMO_SPA452MZE,Libre
PROMO_SPAKU00SD,Libre
PROMO_SPAIDDR84,Libre
PROMO_SPAEP3YBW,Libre
PRO8sP560NP,Libre
PRO8sOTTQD9,Libre
PRO8s01KEPY,Libre
PRO8sIUTD0S,Libre
PRO8sHK3Z7U,Libre
PRO8sLY5A0M,Libre
PROMO_SPACG9LZECAX2,Libre
PROMO_SPAUVQ7WOGH2Q,Libre
PROMO_SPAWBONLV76UB,Libre
PROMO_SPAGDC35I4WOR,Libre
PROMO_SPA5AK28BLC2E,Libre
PROMO_SPAZT1BPAWHFV,Libre
PROMO_SPABPUVIPPUWO,Libre
PROMO_SPAWGAPD2V53S,Libre
PROMO_SPA9VN1AGX5CM,Libre
PROMO_SPAHO8G94USZB,Libre
PROMO5SCU2N,Libre
PROMOH76G1I,Libre
PROMOFFV90U,Libre
PROMOLSAO18,Libre
PROMORCNJL0,Libre
PROMOEZATRV,Libre
PROMOTPPGJV,Libre
PROMOYS64X2,Libre
PROMOQJAS21,Libre
PROMO0WTIJO,Libre
PROMOQLTM9O,Libre
PROMO_SPAY6RAZE1CC,Libre
PROMO_SPAI60UIL55V,Libre
PROMO_SPAUDULVE0CW,Libre
PROMO_SPAYR62D318Z,Libre
PROMO_SPA3YPXZWBZ0,Libre
PROMO_SPAD2JD4UDKE,Libre
PROMO_SPA39YSL379Y,Libre
PROMO_SPA4SR78RHQ7,Libre
PROMO_SPA0SM0GZS09,Libre
PROMO_SPAIO3IJ7AD9,Libre
PROMO_SPAP0RPRQJ1,Libre
PROMO_SPADMRYKN9D,Libre
PROMO_SPA4D2F6S4A,Libre
PROMO_SPAEE8RH5Q6,Libre
PROMO_SPAXSRYOAOG,Libre
PROMOZ0CZLB,Libre
PROMORRU62M,Libre
PROMOGQXL3G,Libre
PROMO1VY560,Libre
PROMOXU2T6L,Libre
PROMOS35H9V,Libre
PROMO6ETTDV,Libre
PROMO6I2X5Z,Libre
PROMO7HW6XK,Libre
PROMOSZTQPH,Utilisé
PROMO_SPAP42MNCE7,Libre
PROMO_SPAXQCMVY9F,Libre
PROMO_SPAN9CZAXSP,Libre
PROMO_SPA3GOPZDDR,Libre
